{
    "Accuracy": {
        "prefers_kebab_guvec": {
            "Accuracy": 0.22,
            "Report": {
                "0": {
                    "precision": 0.22727272727272727,
                    "recall": 0.25,
                    "f1-score": 0.23809523809523808,
                    "support": 20.0
                },
                "1": {
                    "precision": 0.2,
                    "recall": 0.16666666666666666,
                    "f1-score": 0.18181818181818182,
                    "support": 18.0
                },
                "2": {
                    "precision": 0.28,
                    "recall": 0.4117647058823529,
                    "f1-score": 0.3333333333333333,
                    "support": 17.0
                },
                "3": {
                    "precision": 0.2,
                    "recall": 0.10714285714285714,
                    "f1-score": 0.13953488372093023,
                    "support": 28.0
                },
                "4": {
                    "precision": 0.17391304347826086,
                    "recall": 0.23529411764705882,
                    "f1-score": 0.2,
                    "support": 17.0
                },
                "accuracy": 0.22,
                "macro avg": {
                    "precision": 0.2162371541501976,
                    "recall": 0.2341736694677871,
                    "f1-score": 0.2185563273935367,
                    "support": 100.0
                },
                "weighted avg": {
                    "precision": 0.21461976284584983,
                    "recall": 0.22,
                    "f1-score": 0.21008275445484748,
                    "support": 100.0
                }
            }
        }
    }
}


